Year,job_opennings_thousands_annual_mean
2013,264.0833333333333
2014,297.4166666666667
2015,316.8333333333333
2016,341.25
2017,394.75
2018,465.75
2019,436.8333333333333
2020,410.0
2021,820.75
2022,844.6666666666666
2023,603.0
2024,492.5
2025,492.0
